Chris Paul,78,36,0.43,5.2,12.1,0.6,2.3,5.1,6,5.1,0.8,4.3,7.8,2.2,0.1,2.3,2.8,16.1,35,43,22.1,0.178,1
Deron Michael Williams,47,28.9,0.421,4.2,10.1,1.1,2.7,1.2,1.7,2.4,0.4,2,4.5,0.8,0.2,1.8,2.9,10.8,39,41,12.4,0.059,1
Danny Granger Jr.,17,22.6,0.462,2.8,6.1,0.4,1.2,1.5,1.9,4.9,1.7,3.2,1.2,0.7,0.8,1,2.7,7.5,39,39,14.7,0.139,1
David Lee,14,16.9,0.596,2,3.4,0,0,1.1,1.8,4.5,1.6,2.9,0.6,0.4,0.3,0.8,1.9,5.1,21,46,15.4,0.116,1
Andrew Bynum,0,7.3,0.402,0.7,1.8,0,0,0.2,0.6,1.7,0.7,1,0.2,0.1,0.5,0.4,1.2,1.6,29,17,7.4,0.007,1
Brandon Roy,55,35.4,0.456,6.1,13.4,1,2.6,3.5,4.2,4.4,1,3.4,4,1.2,0.2,2,2.4,16.8,23,34,18,0.114,1
LaMarcus Aldridge,22,22.1,0.503,3.8,7.6,0,0,1.3,1.8,5,2.3,2.7,0.4,0.3,1.2,0.7,3,9,24,39,17.1,0.118,1
Paul Millsap,1,18,0.525,2.5,4.9,0,0,1.7,2.5,5.2,2.2,2.9,0.8,0.8,0.9,1.1,2.9,6.8,51,31,17.6,0.153,1
Rajon Rondo,25,23.5,0.418,2.4,5.8,0.1,0.4,1.5,2.4,3.7,0.9,2.8,3.8,1.6,0.1,1.8,2.3,6.4,21,57,13.1,0.064,1
Kyle Lowry,0,17.5,0.368,1.4,3.8,0.3,0.8,2.5,2.8,3.1,1.2,1.9,3.2,1.4,0.1,1.2,2,5.6,2,8,18.3,0.148,1
Kevin Durant,80,34.6,0.43,7.3,17.1,0.7,2.6,4.9,5.6,4.4,0.9,3.5,2.4,1,0.9,2.9,1.5,20.3,19,61,15.8,0.04,1
Al Horford,77,31.4,0.499,4.1,8.2,0,0.1,1.9,2.6,9.7,3.1,6.6,1.5,0.7,0.9,1.7,3.3,10.1,37,44,14.7,0.103,1
Joakim Noah,31,20.7,0.482,2.4,5,0,0,1.8,2.6,5.6,2.4,3.3,1.1,0.9,0.9,1.2,2.3,6.6,31,43,15.5,0.12,1
Marc Gasol,75,30.7,0.53,4.3,8.1,0,0,3.4,4.6,7.4,2.5,4.9,1.7,0.8,1.1,2,3.2,11.9,24,58,16.7,0.121,1
Derrick Rose,80,37,0.475,7.1,14.9,0.2,0.9,2.4,3.1,3.9,1.2,2.7,6.3,0.8,0.2,2.5,1.5,16.8,40,41,16,0.078,1
Russell Westbrook,65,32.5,0.398,5.3,13.4,0.4,1.6,4.3,5.2,4.9,2.2,2.7,5.3,1.3,0.2,3.3,2.3,15.3,23,59,15.2,0.035,1
Brook Lopez,75,30.5,0.531,5.5,10.3,0,0,2.1,2.6,8.1,2.7,5.4,1,0.5,1.8,1.8,3.1,13,34,48,17.9,0.112,1
Kevin Love,37,25.3,0.459,3.9,8.5,0,0.2,3.3,4.1,9.1,3.4,5.7,1,0.4,0.6,1.5,2.5,11.1,24,57,18.3,0.124,1
Roy Hibbert,42,14.4,0.471,2.8,6,0,0,1.4,2.1,3.5,1.6,1.8,0.7,0.3,1.1,0.8,3.1,7.1,29,41,16.1,0.102,1
DeAndre Jordan,13,14.5,0.633,1.8,2.8,0,0,0.8,2.1,4.5,1.4,3.1,0.2,0.2,1.1,0.8,1.8,4.3,11,42,14.1,0.079,1
Stephen Curry,77,36.2,0.462,6.6,14.3,2.1,4.8,2.2,2.5,4.5,0.6,3.9,5.9,1.9,0.2,3.1,3.2,17.5,25,55,16.3,0.077,1
James Harden,0,22.9,0.403,3.1,7.6,1.2,3.3,2.6,3.2,3.2,0.6,2.6,1.8,1.1,0.3,1.4,2.6,9.9,47,29,14,0.124,1
DeMar DeRozan,65,21.6,0.498,3.3,6.6,0.1,0.2,1.9,2.5,2.9,0.9,2,0.7,0.6,0.2,0.8,2.3,8.6,36,41,12.5,0.066,1
Jrue Holiday,51,24.2,0.442,3.2,7.1,0.8,2.2,0.9,1.2,2.6,0.8,1.8,3.8,1.1,0.2,2.1,2.1,8,24,49,12.3,0.032,1
Jeff Teague,3,10.1,0.396,1.3,3.2,0.1,0.5,0.6,0.7,0.9,0.1,0.9,1.7,0.5,0.2,0.7,1.2,3.2,50,21,11,0.042,1
Blake Griffin,82,38,0.506,8.5,16.8,0.1,0.3,5.4,8.5,12.4,3.3,8.8,3.8,0.8,0.5,2.7,3.1,22.5,32,50,21.9,0.152,1
John Wall,64,37.8,0.409,5.8,14.1,0.5,1.7,4.4,5.7,4.6,0.5,4.1,8.3,1.8,0.5,3.8,2.5,16.4,19,50,15.8,0.041,1
DeMarcus Cousins,62,28.5,0.43,5.3,12.4,0,0.2,3.4,5,8.6,2.7,6,2.5,1,0.8,3.3,4.1,14.1,23,58,14.6,0.022,1
Paul George,19,20.7,0.453,2.9,6.5,0.7,2.3,1.3,1.7,3.7,0.6,3.1,1.1,1,0.4,1.1,2.1,7.8,29,32,13,0.091,1
Gordon Hayward,17,16.9,0.485,2,4.1,0.5,1,1,1.3,1.9,0.6,1.4,1.1,0.4,0.3,1,1.5,5.4,33,39,10.7,0.048,1
Kyrie Irving,51,30.5,0.469,6.9,14.6,1.4,3.6,3.4,3.8,3.7,0.9,2.9,5.4,1.1,0.4,3.1,2.2,18.5,17,34,21.4,0.125,1
Klay Thompson,29,24.4,0.443,4.8,10.9,1.7,4.1,1.2,1.4,2.4,0.4,2.1,2,0.7,0.3,1.6,2.3,12.5,23,43,14.9,0.05,1
Isaiah Thomas,37,25.5,0.448,3.9,8.8,1.3,3.4,2.4,2.8,2.6,0.7,1.8,4.1,0.8,0.1,1.6,1.9,11.5,22,43,17.6,0.124,1
Kawhi Leonard,39,24,0.493,3.1,6.3,0.6,1.7,1.1,1.4,5.1,1.6,3.5,1.1,1.3,0.4,0.7,1.4,7.9,49,15,16.6,0.171,1
Jimmy Butler,0,8.5,0.405,0.8,1.9,0,0.3,1,1.3,1.3,0.5,0.8,0.3,0.3,0.1,0.3,0.5,2.6,30,12,12.5,0.144,1
Damian Lillard,82,38.6,0.429,6.7,15.7,2.3,6.1,3.3,3.9,3.1,0.5,2.6,6.5,0.9,0.2,3,2.1,19,33,49,16.4,0.088,1
Anthony Davis,60,28.9,0.516,5.5,10.6,0,0.1,2.6,3.5,8.2,2.6,5.6,1,1.2,1.8,1.4,2.5,13.5,23,41,21.7,0.159,1
Andre Drummond,10,20.7,0.608,3.5,5.7,0,0,1,2.7,7.6,2.8,4.8,0.5,1,1.6,1,2.4,7.9,23,37,21.6,0.172,1
Draymond Green,1,13.4,0.327,1.1,3.3,0.2,0.8,0.6,0.7,3.3,0.7,2.6,0.7,0.5,0.3,0.6,2,2.9,45,34,7.1,0.028,1
Charlie Villanueva,36,29.1,0.463,5.4,11.6,0.9,2.6,1.4,2,6.4,2.2,4.2,1.1,0.7,0.8,1.2,3,13,26,55,16.4,0.079,0
Channing Frye,14,24.2,0.477,4.7,9.8,0,0.1,2.9,3.5,5.8,2.1,3.6,0.8,0.5,0.7,1.5,3.1,12.3,19,46,18.1,0.108,0
Raymond Felton,54,30.1,0.391,4.3,11,1.2,3.4,2,2.8,3.3,1,2.4,5.6,1.3,0.1,2.3,2.3,11.9,26,54,14.2,0.051,0
Salim Stoudamire,1,20.3,0.415,3.3,8.1,1.3,3.5,1.6,1.8,1.9,0.2,1.7,1.2,0.4,0,1.3,1.9,9.7,20,41,12.5,0.046,0
Andrew Bogut,77,28.6,0.533,3.9,7.4,0,0,1.5,2.4,7,2.3,4.7,2.3,0.6,0.8,1.5,3.2,9.4,40,42,15.2,0.113,0
Nate Robinson,26,21.4,0.407,3.2,7.8,0.8,2,2.1,2.8,2.3,0.8,1.5,2,0.8,0,1.6,2.8,9.3,21,51,12.6,0.046,0
Bracey Wright,0,19.3,0.412,3,7.3,0.9,2.4,2,2.3,2.6,0.4,2.1,0.7,0.1,0,1.1,1.1,8.9,1,6,0.7,-0.062,0
Luther Head,27,28.9,0.403,3.2,7.9,1.4,3.9,1.1,1.5,3.3,0.4,2.9,2.7,1.1,0.1,1.5,2.1,8.8,32,48,11.2,0.072,0
Marvin Williams,7,24.7,0.443,3,6.7,0.2,0.7,2.4,3.2,4.8,1.5,3.3,0.8,0.6,0.3,1.1,2.9,8.5,25,54,12.2,0.069,0
Sean May,1,17.3,0.409,3,7.4,0,0.2,2.1,2.8,4.7,1.8,2.9,1,0.7,0.5,1.4,2.5,8.2,7,16,15.3,0.047,0
Rashad McCants,12,17.2,0.45,3.1,6.8,0.8,2.3,1,1.3,1.8,0.4,1.4,0.8,0.6,0.3,1.1,2.2,7.9,31,48,12.6,0.058,0
Ryan Gomes,33,22.6,0.487,2.8,5.8,0,0.1,1.8,2.4,4.9,1.7,3.2,1,0.6,0.1,0.9,1.4,7.6,26,35,14,0.108,0
Ike Diogu,14,14.9,0.524,2.5,4.8,0,0,2,2.4,3.3,1.4,1.9,0.4,0.2,0.4,1.1,2.4,7,26,43,15.8,0.123,0
Monta Ellis,3,18.1,0.415,2.7,6.5,0.6,1.7,0.9,1.2,2.1,0.4,1.7,1.6,0.7,0.2,1.2,1.4,6.8,16,33,11.1,0.028,0
Amir Johnson,0,13,0.7,2.3,3.3,0.7,1,1.3,1.3,1.3,1,0.3,1,0,0.7,1.3,2.3,6.7,1,2,20.3,0.208,0
Joey Graham,24,19.8,0.478,2.5,5.2,0.4,1.1,1.4,1.7,3.1,0.7,2.3,0.8,0.5,0.2,1.2,2.9,6.7,26,54,10.2,0.038,0
Jarrett Jack,4,20.2,0.442,2.4,5.4,0.3,1,1.6,2,2,0.2,1.8,2.8,0.5,0,1.3,1.7,6.7,20,59,12.3,0.035,0
Martell Webster,18,17.5,0.399,2.3,5.7,1.1,3,1,1.2,2.1,0.5,1.7,0.6,0.3,0.2,0.7,1.5,6.6,11,50,11.6,0.039,0
Francisco García,11,19.4,0.4,1.9,4.9,0.6,2,1.2,1.5,2.8,0.6,2.2,1.4,0.6,0.7,1.1,2,5.6,36,31,10.3,0.06,0
Gerald Green,3,11.7,0.478,2.1,4.3,0.2,0.6,0.9,1.2,1.3,0.3,1,0.6,0.4,0.1,0.7,1.3,5.2,13,19,13.1,0.064,0
Johan Petro,41,18.9,0.51,2.3,4.4,0,0,0.7,1.1,4.4,1.6,2.8,0.2,0.4,0.8,0.9,3.1,5.2,26,42,10.4,0.037,0
Hakim Warrick,2,10.6,0.443,1.5,3.4,0,0,1.1,1.7,2.1,0.6,1.5,0.4,0.2,0.3,0.8,1.7,4.1,42,26,11,0.053,0
Travis Diener,0,10.7,0.42,1.3,3,1.1,2.5,0.2,0.3,0.9,0.2,0.7,0.7,0.3,0,0.4,1,3.8,9,14,12.6,0.115,0
Daniel Ewing,5,14.7,0.38,1.5,3.9,0.3,1.2,0.5,0.7,1.3,0.3,0.9,1.3,0.6,0.1,0.9,1.3,3.8,39,27,7.6,0.017,0
Linas Kleiza,2,8.5,0.445,1.3,2.8,0,0.2,0.9,1.3,1.9,0.6,1.3,0.2,0.2,0.2,0.3,1.4,3.5,33,28,13.2,0.111,0
C.J. Miles,0,8.8,0.368,1.2,3.3,0.2,0.9,0.8,1,1.7,0.8,0.9,0.7,0.3,0.1,0.4,0.9,3.4,7,16,13.8,0.076,0
Wayne Simien ,2,9.6,0.483,1.3,2.8,0,0,0.7,0.8,2,0.9,1.2,0.2,0.3,0,0.6,1.6,3.4,26,17,11.5,0.096,0
Orien Greene,5,15.4,0.395,1.3,3.2,0.1,0.5,0.6,0.9,1.8,0.5,1.4,1.6,1,0.1,1.4,2.3,3.2,31,49,6.4,-0.013,0
Dion Thompson,0,4.3,0.44,1.1,2.5,0.4,1.1,0.2,0.2,1.1,0.4,0.7,0.1,0.3,0.1,0.2,0.6,2.8,8,2,22,0.146,0
Chris Taft,0,8.5,0.605,1.4,2.2,0,0,0.1,0.4,2.1,1.1,1,0.1,0.1,0.4,0.1,1.5,2.8,9,8,15.6,0.155,0
Brandon Bass,1,9.2,0.4,1,2.4,0,0,0.4,0.7,2.3,0.6,1.7,0.1,0.1,0.2,0.4,0.6,2.3,14,15,9.1,0.013,0
Jason Maxiell,0,6.1,0.426,0.9,2.1,0,0,0.5,1.6,1.1,0.5,0.6,0.1,0.2,0.2,0.4,0.5,2.3,20,6,8,-0.054,0
Andray Blatche,0,6,0.388,0.9,2.3,0.1,0.4,0.3,0.4,1.3,0.4,0.9,0.3,0.2,0.2,0.4,1.2,2.2,16,13,10.1,0.026,0
Robert Whaley,0,9.2,0.404,1,2.5,0,0,0.1,0.3,1.9,0.7,1.2,0.7,0.3,0.3,0.6,1.8,2.1,10,13,7.6,0.004,0
Ronny Turiaf,1,7,0.5,0.7,1.3,0,0,0.7,1.2,1.6,0.5,1.1,0.3,0.1,0.4,0.3,1.3,2,14,9,12.2,0.115,0
Louis Williams,0,4.8,0.442,0.8,1.7,0.1,0.3,0.3,0.4,0.6,0.1,0.5,0.3,0.2,0,0.4,0.4,1.9,14,16,9,-0.036,0
Alex Acker,0,7,0.25,0.8,3.2,0.2,1,0,0,1,0.2,0.8,0.8,0.2,0,0.8,0.8,1.8,3,2,-2.4,-0.23,0
Antoine Wright,0,9.5,0.358,0.7,2.1,0,0.4,0.3,0.6,0.8,0.2,0.6,0.3,0.1,0.1,0.5,1.1,1.8,24,15,0.7,-0.062,0
Lawrence Roberts,0,5.5,0.455,0.6,1.3,0,0.1,0.3,0.7,1.5,0.8,0.7,0.2,0.2,0.1,0.2,0.9,1.5,23,10,13.8,0.144,0
Von Wafer,0,4.6,0.158,0.4,2.4,0.1,1.1,0.4,0.5,0.5,0.3,0.2,0.3,0.2,0,0.1,0.8,1.3,6,10,-1.6,-0.174,0
Yaroslav Korolev,0,5.3,0.3,0.4,1.3,0.1,0.3,0.3,0.4,0.5,0.2,0.3,0.4,0.1,0,0.3,0.5,1.1,12,12,4.8,-0.013,0
Julius Hodge,0,2.4,0.385,0.4,0.9,0,0,0.2,0.6,0.5,0.4,0.1,0.4,0.1,0,0.6,0.5,0.9,7,7,4.2,-0.219,0
Martynas Andriuškevi?ius,0,1.5,0,0,0.2,0,0,0,0,0.7,0.2,0.5,0,0.3,0,0,0.2,0,1,5,15.5,0.155,0
Adam Morrison,23,29.8,0.376,4.6,12.1,1.1,3.3,1.5,2.2,2.9,0.7,2.3,2.1,0.4,0.1,1.7,2.3,11.8,30,48,7.9,-0.03,0
Andrea Bargnani,2,25.1,0.427,4.1,9.6,1.5,4.1,1.8,2.2,3.9,0.8,3.1,0.8,0.5,0.8,1.6,2.8,11.6,35,30,12.8,0.057,0
Rudy Gay,43,27,0.422,4.1,9.7,0.7,1.8,1.9,2.7,4.5,1.2,3.3,1.3,0.9,0.9,1.8,2.5,10.8,20,58,12.4,0.011,0
Randy Foye,12,22.9,0.434,3.7,8.4,0.8,2.3,2,2.3,2.7,0.6,2.1,2.8,0.6,0.3,1.9,2.2,10.1,32,50,14,0.058,0
James White,2,22.8,0.439,3,6.8,0.3,1.2,2,2.5,3.3,0.5,2.8,0.8,0.5,0.2,0.8,1.2,8.3,4,2,12.1,0.108,0
Craig Smith,5,18.7,0.531,3,5.6,0,0.1,1.4,2.3,5.1,1.8,3.3,0.6,0.6,0.2,0.9,2.7,7.4,32,50,15.7,0.121,0
Marcus Williams,2,16.6,0.395,2.6,6.7,0.6,2.1,0.9,1.1,2.1,0.4,1.7,3.3,0.4,0,1.8,1.2,6.8,39,38,11.5,-0.004,0
Rodney Carney,35,17.4,0.464,2.7,5.9,0.4,1.1,0.8,1.3,1.9,0.6,1.3,0.4,0.6,0.3,0.6,1.8,6.6,24,43,11.4,0.055,0
J. J. Redick,0,14.8,0.41,1.9,4.6,0.9,2.3,1.3,1.4,1.2,0.2,1,0.9,0.3,0,0.5,1.2,6,19,23,13,0.134,0
Shelden Williams,31,18.7,0.455,2,4.5,0,0,1.4,1.8,5.4,1.6,3.8,0.5,0.6,0.5,1.2,2.5,5.5,30,51,12.3,0.07,0
Tyrus Thomas,4,13.4,0.475,1.9,3.9,0,0,1.5,2.4,3.7,1.2,2.5,0.6,0.6,1.1,1.3,2.3,5.2,44,28,14.8,0.11,0
Renaldo Balkman,1,15.6,0.505,2,4,0.1,0.4,0.8,1.3,4.3,1.4,2.9,0.6,0.8,0.6,0.7,2.1,4.9,28,40,16.1,0.125,0
Ronnie Brewer,14,12.1,0.528,1.8,3.4,0,0.2,1,1.5,1.3,0.7,0.7,0.4,0.7,0.1,0.4,0.8,4.6,36,20,15.2,0.124,0
Daniel Gibson,16,16.5,0.424,1.6,3.9,0.9,2.1,0.5,0.7,1.5,0.5,1.1,1.2,0.4,0.1,0.7,1.6,4.6,33,27,9.4,0.098,0
Mardy Collins,9,14.9,0.382,1.7,4.4,0.3,0.9,0.9,1.6,2,0.5,1.5,1.6,0.6,0.1,1.1,1.4,4.5,19,33,9.2,0.002,0
Jordan Farmar,2,15.1,0.422,1.7,4.1,0.6,1.9,0.4,0.5,1.7,0.3,1.3,1.9,0.6,0.1,1,1.1,4.4,37,35,10.8,0.038,0
Alexander Johnson,19,12.8,0.538,1.5,2.9,0,0,1.3,2,3.1,0.8,2.2,0.3,0.4,0.6,0.8,2.3,4.4,15,44,13.2,0.083,0
Leon Powe,2,11.4,0.446,1.3,2.8,0,0,1.7,2.3,3.4,1.5,1.9,0.2,0.2,0.3,0.7,1.7,4.2,19,44,14.6,0.116,0
Josh Boone,0,11,0.579,1.6,2.8,0,0,0.9,1.7,2.9,1,1.8,0.2,0.2,0.3,0.5,1.5,4.2,33,28,14.6,0.122,0
Shawne Williams,3,12.1,0.469,1.6,3.5,0.4,1.1,0.2,0.4,1.8,0.7,1.1,0.5,0.1,0.2,0.5,1.5,3.9,19,27,9.7,0.063,0
Sergio Rodríguez,1,12.9,0.423,1.5,3.6,0.4,1.3,0.3,0.4,1.4,0.3,1.1,3.3,0.5,0,1.1,1.1,3.7,24,43,14.1,0.05,0
Thabo Sefolosha,4,12.2,0.426,1.5,3.6,0.2,0.6,0.3,0.6,2.2,0.5,1.7,0.8,0.5,0.2,0.8,1.4,3.6,42,29,8.5,0.047,0
Solomon Jones,8,11.5,0.508,1.1,2.2,0,0,1,1.3,2.3,0.8,1.5,0.2,0.2,0.7,0.4,2.1,3.3,20,38,12.3,0.117,0
Shannon Brown,5,8.8,0.378,1.2,3.2,0.3,1.1,0.4,0.6,0.9,0.3,0.7,0.4,0.3,0.1,0.6,1,3.2,16,7,7.5,0.015,0
Hilton Armstrong,5,11.3,0.544,1.2,2.2,0,0,0.7,1.2,2.7,1,1.6,0.2,0.2,0.5,0.6,1.4,3.1,28,28,12.2,0.091,0
Cedric Simmons,4,12.4,0.417,1.3,3.1,0,0,0.4,0.8,2.5,1,1.5,0.3,0.2,0.5,0.5,1.7,2.9,19,24,8,0.025,0
Hassan Adams,8,8.1,0.556,1.2,2.2,0,0,0.4,0.6,1.3,0.6,0.7,0.2,0.3,0.1,0.4,0.8,2.9,31,30,13,0.095,0
Quincy Douby,0,8.5,0.381,1.1,3,0.3,1.2,0.3,0.4,0.9,0.3,0.6,0.4,0.4,0.1,0.4,0.5,2.8,16,26,9,-0.006,0
David Noel,0,11.6,0.367,1,2.6,0.3,0.8,0.5,0.6,1.8,0.6,1.2,1,0.4,0.1,0.6,1.1,2.7,22,46,9,0.024,0
Bobby Jones,5,7.6,0.462,1,2.1,0,0.2,0.5,0.9,1.3,0.5,0.8,0.4,0.3,0,0.4,1.3,2.5,15,29,9.4,0.045,0
Ryan Hollins,0,6.9,0.556,0.7,1.3,0,0,0.9,1.5,1.1,0.4,0.7,0,0.1,0.3,0.6,1.5,2.4,8,19,8.5,0.04,0
Maurice Ager,1,6.7,0.314,0.7,2.2,0.2,0.5,0.6,1,0.7,0,0.6,0.2,0.1,0.1,0.5,0.8,2.2,26,6,2.9,-0.06,0
Patrick O'Bryant,0,7.4,0.313,0.6,2,0,0,0.7,1.1,1.3,0.4,0.9,0.6,0.4,0.5,0.5,1.6,1.9,4,12,7.3,-0.003,0
Dee Brown,0,9.2,0.327,0.7,2,0.1,0.6,0.5,0.8,0.8,0.2,0.7,1.7,0.4,0.1,0.6,1,1.9,29,20,8.6,0.024,0
Mouhamed Sene,3,6,0.367,0.6,1.8,0,0,0.6,1,1.6,0.6,1,0,0.1,0.4,0.4,1.2,1.9,5,23,8.5,-0.011,0
Will Blalock,0,11.9,0.3,0.6,2.1,0.1,0.4,0.4,0.4,1.1,0.4,0.6,1.2,0.4,0,0.9,0.6,1.8,8,6,4.5,-0.032,0
P. J. Tucker,0,4.9,0.5,0.6,1.3,0,0,0.5,0.8,1.4,0.6,0.7,0.2,0.1,0,0.4,0.7,1.8,5,12,12.8,0.085,0
Damir Markota,0,5.7,0.365,0.6,1.7,0.2,0.5,0.2,0.4,1,0.4,0.7,0.2,0.1,0,0.5,0.7,1.7,7,23,5,-0.07,0
Marcus Vinicius,0,7.9,0.467,0.5,1.2,0.2,0.5,0.4,0.5,0.8,0.2,0.7,0.4,0.2,0.1,0.5,0.8,1.7,4,9,6.9,0.045,0
Paul Davies,0,5.8,0.423,0.7,1.7,0,0,0.2,0.3,1.4,0.7,0.7,0.2,0.2,0.2,0.3,0.9,1.6,14,17,11.2,0.066,0
Steve Novak,1,5.5,0.36,0.5,1.4,0.4,1.1,0.1,0.1,0.7,0.1,0.6,0.2,0.1,0,0.1,0.6,1.5,20,15,7.7,0.091,0
James Augustine,0,3.5,0.333,0.5,1.5,0,0,0,0,1.5,0.5,1,1,0,0,0,1,1,2,0,16.6,0.168,0
Al Thornton,31,27.3,0.429,4.7,11,0.5,1.6,2.7,3.6,4.5,1.2,3.3,1.2,0.6,0.5,1.6,2.5,12.7,23,56,12.7,0.025,0
Jeff Green,52,28.2,0.427,4,9.4,0.3,1,2.2,3,4.7,1.3,3.5,1.5,0.6,0.6,2,2.5,10.5,19,61,9.8,0.003,0
Mike Conley Jr.,46,26.1,0.428,3.6,8.3,0.6,1.7,1.7,2.3,2.6,0.4,2.2,4.2,0.8,0,1.7,1.6,9.4,14,39,12.6,0.038,0
Daequan Cook,19,24.4,0.381,3.3,8.7,1.3,4,0.8,1,3,0.3,2.7,1.3,0.4,0.2,1.1,2.7,8.8,9,50,7.9,-0.013,0
Yi Jianlian,49,25,0.421,3.3,7.9,0.1,0.3,1.8,2.2,5.2,1.6,3.6,0.8,0.5,0.8,1.4,2.3,8.6,24,42,11.3,0.022,0
Thaddeus Young,22,21,0.539,3.6,6.6,0.1,0.3,1,1.4,4.2,1.6,2.6,0.8,1,0.1,0.9,1.7,8.2,38,36,16.5,0.14,0
Carl Landry,0,16.9,0.616,3.2,5.2,0,0,1.7,2.6,4.9,2.3,2.6,0.5,0.4,0.2,0.6,2.3,8.1,32,10,21.4,0.251,0
Ramon Sessions,7,26.5,0.436,3,6.9,0.2,0.4,1.9,2.4,3.4,0.5,2.9,7.5,1,0.2,2.1,1.5,8.1,2,15,16.2,0.077,0
Rodney Stuckey,2,19,0.401,2.7,6.7,0.1,0.3,2.2,2.7,2.3,0.6,1.7,2.8,0.9,0.1,1.4,2,7.6,41,16,13.8,0.09,0
Nick Young,2,15.4,0.439,2.8,6.4,0.5,1.3,1.3,1.7,1.5,0.3,1.2,0.8,0.5,0.1,1.3,1.7,7.5,36,39,11.6,0.017,0
Wilson Chandler,16,19.6,0.438,3,6.9,0.3,0.9,1,1.5,3.6,1.1,2.5,0.9,0.4,0.5,0.8,2.4,7.3,8,27,11.7,0.038,0
Corey Brewer,35,22.8,0.374,2.3,6.2,0.1,0.5,1.1,1.4,3.7,1,2.7,1.4,1,0.3,1.1,2.4,5.8,21,58,8.3,-0.005,0
Jared Dudley,14,19,0.468,2.2,4.8,0.1,0.6,1.2,1.6,3.9,1.7,2.3,1.1,0.8,0.1,0.7,1.8,5.8,29,44,13.6,0.1,0
Shawne Williams,29,17.5,0.538,2.2,4.2,0,0,1.1,1.8,4.4,1.6,2.8,0.4,0.4,1.5,1,2.6,5.6,28,45,12.8,0.069,0
Javaris Crittenton,0,13.6,0.421,2,4.7,0.2,0.7,1.4,2.1,2.2,0.5,1.7,1,0.4,0,1.1,0.9,5.6,25,25,11,0.004,0
Stéphane Lasme,4,18.9,0.451,2,4.4,0,0,1.2,2,3.3,1.6,1.7,0.2,0.8,1.4,0.9,2.2,5.2,3,13,11.7,0.041,0
Aaron Brooks,0,11.9,0.413,1.8,4.4,0.7,2.1,0.8,1,1.1,0.3,0.8,1.7,0.3,0.1,0.9,1.4,5.2,36,15,13.1,0.112,0
Spencer Hawes,8,13.1,0.459,2.1,4.5,0.1,0.3,0.5,0.8,3.2,1,2.3,0.6,0.2,0.6,0.8,1.8,4.7,33,38,11.6,0.033,0
Glen Davis,1,13.6,0.484,1.6,3.2,0,0,1.4,2.2,3,1.4,1.6,0.4,0.4,0.3,0.9,2.3,4.5,56,13,11.3,0.128,0
Jason Smith,1,14.6,0.455,1.9,4.1,0.1,0.2,0.7,1.1,3,1,2,0.3,0.3,0.7,0.6,1.9,4.5,38,38,10.7,0.067,0
Aaron Gray,1,10,0.505,1.7,3.3,0,0,0.9,1.6,2.8,1.1,1.6,0.7,0.3,0.3,0.9,1.9,4.3,23,38,13.9,0.006,0
Acie Law,6,15.4,0.401,1.7,4.2,0.1,0.6,0.7,0.9,1,0.2,0.8,2,0.5,0,1,1.3,4.2,25,31,7.7,-0.007,0
Nick Fazekas,0,10.3,0.561,1.8,3.2,0,0.1,0.6,0.8,3.4,1.3,2.1,0.4,0.3,0.4,0.5,1,4.1,5,21,19.6,0.148,0
Brandan Wright,6,9.9,0.554,1.6,2.9,0,0,0.7,1.1,2.6,1,1.6,0.2,0.2,0.6,0.3,0.9,4,22,16,17.2,0.142,0
Julian Wright,1,11.2,0.533,1.6,3,0.2,0.4,0.6,0.9,2.1,0.6,1.5,0.7,0.5,0.2,0.6,0.8,3.9,39,18,15.4,0.126,0
Arron Afflalo,9,12.9,0.411,1.3,3.2,0.1,0.6,0.9,1.2,1.8,0.5,1.3,0.7,0.4,0.1,0.5,1.1,3.7,55,20,10.2,0.092,0
Alando Tucker,0,8,0.364,1.3,3.7,0.2,0.7,0.8,1,1.3,0.7,0.7,0,0,0.2,0,0.3,3.7,6,0,11.8,0.042,0
Jermareo Davidson,2,8.5,0.408,1.3,3.3,0,0,0.5,0.7,1.6,0.6,1.1,0.3,0.2,0.4,0.4,1.2,3.2,12,26,9.8,-0.012,0
Marco Belinelli,0,7.3,0.387,1.1,2.8,0.5,1.2,0.2,0.3,0.4,0.1,0.3,0.5,0.2,0,0.4,0.5,2.9,15,18,8.2,-0.002,0
D.J. Strawberry,0,8.2,0.315,0.9,2.8,0.2,0.8,0.3,0.6,0.8,0.3,0.6,0.9,0.4,0.2,0.3,1.1,2.2,23,10,6.2,-0.031,0
Gabe Pruitt,0,6.3,0.359,0.9,2.6,0.2,0.8,0.1,0.1,0.5,0.1,0.5,0.9,0.3,0,0.3,0.7,2.1,13,2,8.3,0.028,0
Chris Richard,3,10.7,0.471,0.8,1.7,0,0,0.3,0.5,2.6,1,1.6,0.3,0.2,0.2,0.5,1.6,1.9,14,38,7.9,0.037,0
Taurean Green,0,4.4,0.28,0.4,1.5,0.1,0.6,0.6,0.7,0.6,0,0.6,0.6,0.1,0,0.5,0.3,1.6,8,9,7,-0.066,0
Kyrylo Fesenko,0,7.8,0.375,0.7,1.8,0,0,0.2,0.4,2.8,1.6,1.2,0.2,0,0.3,0.9,2.1,1.6,4,5,4,-0.031,0
Josh McRoberts,0,3.5,0.6,0.8,1.3,0,0.1,0,0,1.3,0.3,1,0.3,0.1,0,0.3,0.1,1.5,3,5,20.3,0.131,0
Morris Almond,0,4.3,0.267,0.4,1.7,0.1,0.4,0.4,0.7,0.2,0,0.2,0.3,0.1,0,0.2,0.6,1.4,9,0,2,-0.081,0
Dominic McGuire,1,9.9,0.379,0.6,1.5,0,0.1,0.2,0.5,2,0.8,1.2,0.6,0.3,0.4,0.6,1.1,1.3,35,35,6.6,-0.003,0
Demetris Nichols,0,3.1,0.261,0.4,1.6,0.2,0.9,0,0,0.4,0,0.4,0.1,0,0.2,0.3,0.3,1.1,5,9,-1.9,-0.234,0
Marcus Williams,0,3.3,0.25,0.5,1.8,0,0,0,0,1.1,0.4,0.7,0.3,0.1,0.1,0,0.3,0.9,3,8,11,0.009,0
Sun ,0,2.8,0.273,0.3,1.1,0,0.6,0,0,0,0,0,0.2,0.1,0.1,0.3,1,0.6,9,1,-8.6,-0.226,0
O. J. Mayo,82,38,0.438,6.9,15.6,1.8,4.6,3,3.4,3.8,0.7,3.1,3.2,1.1,0.2,2.8,2.5,18.5,24,58,14.2,0.052,0
Eric Gordon,65,34.3,0.456,5.3,11.6,1.7,4.3,3.8,4.5,2.6,0.6,2,2.8,1,0.4,2.1,2.2,16.1,19,59,14.9,0.082,0
Michael Beasley,19,24.8,0.472,5.6,11.8,0.4,1,2.3,3,5.4,1.4,4.1,1,0.5,0.5,1.5,2.3,13.9,43,38,17.2,0.081,0
D. J. Augustin,12,26.5,0.43,3.7,8.6,1.5,3.4,2.9,3.2,1.8,0.2,1.6,3.5,0.6,0,1.7,1.9,11.8,30,42,14.9,0.128,0
Jason Thompson,56,28.1,0.497,4.3,8.7,0,0.1,2.4,3.5,7.4,2.9,4.5,1.1,0.6,0.7,1.8,3.8,11.1,17,65,13.9,0.057,0
Mario Chalmers,82,32,0.42,3.4,8.1,1.4,3.8,1.8,2.4,2.8,0.5,2.3,4.9,2,0.1,2,2.9,10,43,39,13.3,0.095,0
D.J. White,0,18.6,0.52,3.7,7.1,0,0,1.4,1.9,4.6,1.4,3.1,0.9,0.4,0.7,0.4,1.4,8.9,2,5,19.8,0.157,0
Courtney Lee,42,25.2,0.45,3.2,7,1.1,2.6,1,1.2,2.3,0.2,2.1,1.2,1,0.2,0.9,2,8.4,56,21,10.7,0.108,0
Brandon Rush,19,24,0.423,3.2,7.7,1,2.8,0.6,0.9,3.1,0.5,2.7,0.9,0.5,0.5,1,1.7,8.1,33,42,9,0.024,0
Anthony Randolph,22,17.9,0.462,3.2,6.8,0,0.1,1.6,2.2,5.8,2,3.7,0.8,0.7,1.2,1.3,2.2,7.9,21,42,16.9,0.069,0
Marreese Speights,2,16,0.502,3.2,6.4,0,0.1,1.3,1.7,3.7,1.6,2.2,0.4,0.3,0.7,0.6,2.3,7.7,41,38,17.9,0.146,0
Ryan Anderson,30,19.9,0.393,2.4,6.2,1,2.9,1.5,1.8,4.7,1.6,3.1,0.8,0.7,0.3,1,2.4,7.4,28,38,13.6,0.09,0
Luc Mbah a Moute,52,25.8,0.462,2.8,6,0,0,1.7,2.3,5.9,2.3,3.6,1.1,1.1,0.5,1.2,2.5,7.2,34,48,12.3,0.092,0
JaVale McGee,14,15.2,0.494,2.5,5.2,0,0,1.4,2.2,3.9,1.6,2.3,0.3,0.4,1,0.8,2.1,6.5,17,58,17,0.084,0
Danilo Gallinari,2,14.7,0.448,2,4.5,1.1,2.6,0.9,1,2,0.5,1.5,0.5,0.5,0.1,0.5,1.7,6.1,14,14,13.4,0.119,0
George Hill,7,16.5,0.403,1.9,4.8,0.3,0.9,1.5,1.9,2.1,0.4,1.7,1.8,0.6,0.3,1,1.9,5.7,52,25,11.6,0.08,0
Mike Taylor,5,15.1,0.412,2.2,5.2,0.3,0.8,1.1,1.6,1.7,0.4,1.3,2.1,0.7,0,1.4,1.6,5.7,13,38,10.1,-0.028,0
Darrell Arthur,63,19.3,0.438,2.5,5.7,0,0,0.5,0.8,4.6,1.4,3.1,0.6,0.7,0.7,0.6,2.7,5.6,21,55,11.3,0.055,0
Nicolas Batum,76,18.4,0.446,2,4.6,0.8,2.1,0.5,0.7,2.8,1.1,1.7,0.9,0.6,0.5,0.6,1.8,5.4,52,27,12.9,0.123,0
Kyle Weaver,19,20.8,0.459,2,4.4,0.6,1.7,0.7,1,2.3,0.6,1.8,1.8,0.8,0.4,1.2,1.4,5.3,17,39,10.2,0.049,0
Chris Douglas-Roberts,3,13.3,0.46,1.8,4,0.1,0.3,1.2,1.4,1.1,0.3,0.8,1.2,0.3,0.2,0.7,0.8,4.9,15,29,12.2,0.046,0
Joe Alexander,0,12.1,0.416,1.7,4.2,0.3,0.8,1,1.4,1.9,0.7,1.2,0.7,0.3,0.5,0.9,1.8,4.7,23,36,10.1,0.03,0
Kosta Koufos,7,11.8,0.508,2,3.9,0,0,0.8,1.1,2.9,1,1.8,0.4,0.3,0.6,0.5,1.5,4.7,27,21,15.2,0.112,0
Joey Crawford,0,11.5,0.3,1.5,5,0.5,2,1,1,2,0.5,1.5,0.5,0.5,0,0,1,4.5,1,1,10.8,0.037,0
Goran Dragi?,1,13.2,0.393,1.6,4.1,0.4,1,0.9,1.2,1.9,0.6,1.3,2,0.5,0.1,1.3,1.6,4.5,31,24,9.8,0.005,0
Jerryd Bayless,0,12.4,0.365,1.3,3.6,0.1,0.5,1.6,1.9,1.1,0.2,0.9,1.5,0.3,0,1.1,1.5,4.3,34,19,8.2,0.019,0
JJ Hickson,0,11.4,0.515,1.6,3.1,0,0,0.7,1.1,2.7,0.8,1.8,0.1,0.2,0.5,0.7,1.3,4,49,13,12.5,0.101,0
Donté Greene,4,13.2,0.326,1.4,4.3,0.5,1.8,0.5,0.6,1.6,0.3,1.2,0.5,0.3,0.3,0.7,1.2,3.8,11,44,5.2,-0.074,0
Malik Hairston,0,10.3,0.49,1.6,3.3,0,0.1,0.1,0.5,1.9,0.7,1.1,0.9,0.4,0.5,0.8,1.3,3.3,10,5,12,0.045,0
Robin Lopez,7,10.2,0.518,1.2,2.3,0,0,0.8,1.1,2,0.9,1.1,0.1,0.2,0.7,0.5,1.6,3.2,32,28,11.6,0.083,0
Sean Singletary,2,8.2,0.365,0.8,2.3,0.3,0.7,0.5,0.6,0.9,0.3,0.7,0.8,0.3,0,0.6,1.2,2.4,19,18,6.7,0.006,0
Alexis Ajinça,4,5.9,0.362,0.8,2.2,0,0.1,0.6,0.9,1,0.3,0.7,0.1,0.2,0.2,0.4,1.1,2.3,11,20,7,-0.018,0
Darnell Jackson,2,8.4,0.43,0.7,1.7,0,0,0.5,0.7,1.7,0.6,1.1,0.2,0.2,0.1,0.3,1.5,1.9,41,10,7.2,0.094,0
Sonny Weems,0,4.6,0.32,0.7,2.1,0,0.3,0.3,0.7,0.3,0,0.3,0.3,0.1,0,0.5,0.7,1.6,8,4,-3.9,-0.225,0
Walter Sharpe,0,2.5,0.364,0.5,1.4,0,0.3,0,0.3,0.4,0,0.4,0,0,0.3,0,0.4,1,6,2,4.8,-0.131,0
J. R. Giddens,0,1.3,0.667,0.3,0.5,0,0,0,0,0.5,0.3,0.2,0,0.2,0,0.2,0.2,0.7,3,3,26,0.201,0
Joey Dorsey,0,2,0.5,0.3,0.7,0,0,0,0,0.3,0,0.3,0.3,0,0,0,0,0.7,2,1,16.1,0.156,0
Nathan Jawai,0,3.2,0.25,0.2,0.7,0,0,0,0,0.3,0.2,0.2,0,0,0,0.3,0.5,0.3,2,4,-7.6,-0.233,0
Tyreke Evans,72,37.2,0.458,7.4,16.2,0.5,2,4.8,6.5,5.3,0.9,4.4,5.8,1.5,0.4,3,2.8,20.1,23,49,18.2,0.097,0
Brandon Jennings,82,32.6,0.371,5.5,14.8,1.8,4.7,2.7,3.3,3.4,0.6,2.8,5.7,1.3,0.2,2.4,2.3,15.5,46,36,14.5,0.075,0
Marcus Thornton,17,25.6,0.451,5.5,12.1,1.6,4.3,2,2.4,2.9,1,1.9,1.5,0.8,0.2,1,1.7,14.5,33,40,17.4,0.103,0
Jonny Flynn,81,28.9,0.417,4.9,11.8,1,2.7,2.8,3.3,2.4,0.3,2.1,4.4,1,0,2.9,1.2,13.5,15,66,13,0.002,0
Darren Collison,37,27.8,0.477,4.9,10.4,0.6,1.5,1.9,2.3,2.5,0.5,2,5.7,1,0.1,2.7,1.2,12.4,34,42,16.5,0.067,0
Omri Casspi,31,25.1,0.446,3.9,8.7,1,2.6,1.5,2.3,4.5,1,3.6,1.2,0.7,0.2,1.3,1.6,10.3,24,53,13,0.063,0
Jonas Jerebko,73,27.9,0.481,3.6,7.5,0.5,1.4,1.6,2.2,6,2.4,3.6,0.7,1,0.4,1,2.9,9.3,26,54,13.9,0.095,0
Taj Gibson,70,26.9,0.494,3.8,7.7,0,0,1.4,2.1,7.5,2.8,4.7,0.9,0.6,1.3,1.4,3.4,9,41,41,13.8,0.103,0
Chase Budinger,4,20.1,0.441,3.4,7.6,1.2,3.4,0.9,1.2,3,0.5,2.5,1.2,0.5,0.1,0.6,1.1,8.9,38,36,14.1,0.1,0
Toney Douglas,12,19.4,0.458,3.2,7,1.2,3.1,1,1.2,1.9,0.7,1.2,2,0.8,0.1,1,2.1,8.6,22,34,14.9,0.097,0
Tyler Hansbrough,1,17.6,0.36,2.8,7.8,0,0.1,2.9,3.9,4.8,2.1,2.7,1,0.6,0.3,0.7,2.4,8.5,11,18,14.6,0.07,0
Terrence Williams,9,22.6,0.401,3.3,8.3,0.4,1.3,1.3,1.8,4.5,0.6,3.9,2.9,0.6,0.1,1.6,1.6,8.4,10,68,11.5,-0.007,0
Ty Lawson,8,20.2,0.515,3.1,6,0.5,1.3,1.6,2.2,1.9,0.6,1.3,3.1,0.7,0,1.3,1.4,8.3,42,23,16.4,0.135,0
DeJuan Blair,23,18.2,0.556,3.4,6,0,0,1.1,2,6.4,2.4,4,0.8,0.6,0.5,1.4,2.7,7.8,50,32,17.7,0.147,0
Sam Young,1,16.5,0.451,2.8,6.2,0.1,0.7,1.7,2.2,2.5,1,1.6,0.7,0.4,0.3,1.2,1.3,7.4,39,41,13,0.044,0
A.J.Price,2,15.4,0.41,2.6,6.3,1.1,3.1,1.1,1.3,1.6,0.2,1.4,1.9,0.6,0.1,1.1,0.9,7.3,23,33,14,0.065,0
Rodrigue Beaubois,16,12.5,0.518,2.8,5.3,0.8,2,0.8,0.9,1.4,0.2,1.2,1.3,0.5,0.2,1,1.5,7.1,36,20,18.5,0.134,0
Wayne Ellington,1,18.2,0.424,2.5,5.9,0.8,2.1,0.8,0.9,2.1,0.4,1.7,1,0.3,0.1,1,0.9,6.6,15,61,9.6,0.014,0
Jordan Hill,0,13.3,0.493,2.1,4.3,0,0,1,1.4,3.7,1.6,2.1,0.4,0.3,0.4,0.6,2,5.2,18,29,15,0.105,0
Austin Daye,4,13.3,0.464,2,4.3,0.4,1.4,0.7,0.8,2.5,0.5,2,0.5,0.4,0.4,0.7,1.7,5.1,22,47,12.8,0.067,0
Eric Maynor,2,15.7,0.418,1.9,4.5,0.3,0.9,0.6,0.9,1.6,0.3,1.3,3.3,0.5,0.1,1,1.4,4.7,53,28,11.8,0.071,0
Jodie Meeks,0,12,0.388,1.7,4.5,0.7,2.2,0.5,0.7,1.7,0.2,1.5,0.7,0.3,0.1,0.4,0.9,4.7,23,37,10.8,0.06,0
Jermaine Taylor,4,9.8,0.378,1.5,3.8,0.2,0.7,1.1,1.5,1.5,0.7,0.8,0.5,0.3,0.1,0.6,0.5,4.1,13,18,11.4,0.015,0
James Johnson,11,11.6,0.452,1.5,3.2,0.2,0.7,0.8,1.1,2,0.5,1.4,0.7,0.3,0.7,1,1.9,3.9,30,35,10.4,0.054,0
Dante Cunningham,2,11.2,0.495,1.7,3.4,0,0,0.5,0.8,2.5,0.9,1.7,0.2,0.4,0.3,0.2,1.5,3.9,37,26,14.3,0.129,0
Derrick Brown,0,9.4,0.463,1.2,2.6,0,0.1,0.8,1.3,1.4,0.5,0.8,0.3,0.4,0.2,0.3,0.9,3.3,34,23,12.6,0.114,0
Hasheem Thabeet,13,13,0.588,1.1,1.9,0,0,0.8,1.4,3.6,1.3,2.3,0.2,0.2,1.3,0.6,2.4,3.1,32,36,12.9,0.109,0
DaJuan Summers,0,9.2,0.354,1,3,0.3,1,0.6,0.9,1,0.3,0.7,0.4,0.2,0.2,0.4,1.2,3,13,31,7.5,0.002,0
DeMarre Carroll,1,11.2,0.396,1.2,3.1,0,0.1,0.5,0.7,2.1,0.7,1.4,0.5,0.4,0.1,0.3,1.5,2.9,34,37,8.5,0.031,0
Jon Brockman,4,12.6,0.534,1.1,2,0,0,0.7,1.2,4.1,2,2.1,0.4,0.3,0.1,0.4,2.2,2.8,15,37,12.4,0.125,0
Earl Clark,0,7.5,0.371,1.1,3,0,0.1,0.5,0.7,1.2,0.4,0.9,0.4,0.1,0.3,0.5,0.5,2.7,36,15,8.5,-0.033,0
Jeff Ayres,4,10.4,0.662,1.1,1.7,0,0,0.5,0.5,2.5,0.6,1.9,0,0.2,0.4,0.3,1.9,2.7,23,16,12.1,0.156,0
Gerald Henderson Jr.,0,8.3,0.356,0.9,2.4,0.1,0.4,0.8,1.1,1.3,0.3,0.9,0.3,0.2,0.2,0.3,0.6,2.6,27,16,9.7,0.056,0
Patty Mills,0,3.9,0.417,1,2.4,0.2,0.4,0.4,0.7,0.2,0.1,0.1,0.5,0,0,0.4,0.6,2.6,5,5,11.9,-0.036,0
Lester Hudson,0,5.2,0.396,0.8,2.1,0.2,0.6,0.4,0.5,0.7,0.3,0.4,0.5,0.3,0.1,0.6,0.5,2.3,18,7,13.2,0.029,0
Danny Green,0,5.8,0.385,0.8,2,0.3,1.1,0.2,0.3,0.9,0.4,0.5,0.3,0.3,0.2,0.3,0.5,2,14,6,12.3,0.083,0
Taylor Griffin,0,4,0.4,0.5,1.3,0,0.3,0.3,0.5,0.3,0,0.3,0.1,0,0.3,0.1,0.5,1.3,6,2,5.2,-0.093,0
Byron Mullens,0,4.2,0.368,0.5,1.5,0,0,0,0,0.8,0.2,0.5,0.1,0.2,0,0.3,1,1.1,10,3,0.7,-0.077,0
Jordan Crawford,18,24.5,0.384,4.6,11.9,0.8,3,1.7,2,2.5,0.7,1.8,2.8,0.9,0.1,2,1.5,11.7,17,25,11.8,-0.026,0
Landry Fields,81,31,0.497,3.6,7.3,1,2.7,1.4,1.8,6.4,1.3,5.1,1.9,1,0.2,1.3,1.4,9.7,42,40,13.5,0.1,0
Greg Monroe,48,27.8,0.551,3.8,6.9,0,0,1.8,2.9,7.5,3.1,4.4,1.3,1.2,0.6,1,2.5,9.4,30,50,18,0.143,0
Wesley Johnson,63,26.2,0.397,3.4,8.6,1.3,3.7,0.8,1.2,3,0.6,2.4,1.9,0.7,0.7,1.2,2.1,9,17,62,10.2,0.03,0
Ed Davis,17,24.6,0.576,3.3,5.7,0,0,1.1,2,7.1,2.6,4.5,0.6,0.6,1,0.7,2.8,7.7,16,49,15.8,0.119,0
Evan Turner,14,23,0.425,2.9,6.8,0.2,0.6,1.3,1.6,3.9,0.5,3.4,2,0.6,0.2,1,1.8,7.2,40,38,10.8,0.06,0
Derrick Favors,27,19.7,0.517,2.8,5.3,0,0,1.3,2.2,5.3,2.2,3.1,0.5,0.4,0.9,1,3.2,6.8,25,53,13.8,0.091,0
Eric Bledsoe,25,22.7,0.424,2.5,6,0.4,1.4,1.2,1.6,2.8,0.8,1.9,3.6,1.1,0.3,2.4,1.6,6.7,32,49,10.8,0.008,0
Patrick Patterson,6,16.7,0.558,2.9,5.1,0,0,0.6,0.8,3.8,1.7,2.2,0.8,0.3,0.7,0.6,1.5,6.3,29,23,16.7,0.134,0
Al-Farouq Aminu,14,17.9,0.394,2,5,0.6,1.8,1.1,1.5,3.3,0.9,2.4,0.7,0.7,0.3,1.3,1.5,5.6,31,50,9.6,0.022,0
Trevor Booker,14,16.4,0.549,2.1,3.9,0,0,1,1.6,3.9,1.5,2.4,0.5,0.4,0.6,0.6,1.8,5.3,15,50,15.3,0.119,0
Damion James,9,16.1,0.447,1.8,4.1,0,0.1,0.7,1.1,3.4,0.7,2.7,0.8,0.6,0.5,1,1.4,4.4,7,18,10.1,0.015,0
Xavier Henry,16,13.9,0.406,1.7,4.2,0.1,0.4,0.9,1.4,1,0.2,0.7,0.5,0.3,0.1,0.3,1.3,4.3,19,19,7,0.021,0
Larry Sanders,12,14.5,0.433,1.9,4.5,0,0,0.5,0.8,3,1,2,0.3,0.4,1.2,0.6,2,4.3,28,32,11,0.057,0
Ekpe Udoh,18,17.8,0.437,1.7,3.8,0,0,0.7,1.1,3.1,1.4,1.7,0.7,0.4,1.5,0.8,2.5,4.1,28,30,9.7,0.032,0
Luke Harangody,0,13.1,0.383,1.6,4.2,0.3,1.3,0.4,0.5,2.9,0.8,2.1,0.6,0.3,0.3,0.3,1.6,3.9,29,20,10.1,0.048,0
Lazar Hayward,0,10,0.357,1.3,3.7,0.4,1.4,0.8,1,1.7,0.5,1.1,0.7,0.3,0.2,0.5,1,3.8,10,32,10.8,0.035,0
Jeremy Evans,3,9.4,0.661,1.6,2.3,0,0,0.5,0.8,2,0.7,1.2,0.5,0.3,0.3,0.4,1,3.6,22,27,18.8,0.167,0
James Anderson,2,11,0.383,1.2,3.1,0.7,1.8,0.5,0.7,0.9,0.1,0.8,0.7,0.1,0.2,0.5,0.9,3.6,17,9,8.5,0.051,0
Greivis Vásquez,1,12.3,0.408,1.4,3.3,0.4,1.2,0.5,0.6,1,0.2,0.9,2.2,0.3,0.1,1,1.2,3.6,41,29,9.4,0.03,0
Devin Ebanks,0,5.9,0.412,1.1,2.6,0.1,0.3,0.9,1.2,1.4,0.8,0.6,0.1,0.2,0.3,0.3,0.4,3.1,15,5,14.4,0.036,0
Lance Stephenson,0,9.6,0.333,1.1,3.3,0,0.4,0.9,1.2,1.5,0.1,1.4,1.8,0.3,0,1.3,1.2,3.1,3,9,5.5,-0.093,0
Armon Johnson,0,7.3,0.455,1.2,2.7,0.1,0.3,0.3,0.6,0.9,0.3,0.7,1.2,0.1,0,1,0.8,2.9,20,18,9.3,-0.044,0
Quincy Pondexter,6,11.1,0.406,1.1,2.7,0.3,0.8,0.4,0.5,1.3,0.3,1,0.4,0.3,0.2,0.2,1,2.8,35,31,8.5,0.06,0
Craig Brackins,0,11,0.25,1.3,5.3,0,1.7,0,0,1.3,0.7,0.7,0.3,0.3,0,0,1,2.7,0,3,0.1,-0.154,0
Kevin Séraphin,1,10.9,0.449,1.1,2.5,0,0,0.4,0.5,2.6,1.4,1.2,0.2,0.3,0.5,0.7,2.2,2.7,15,43,8.4,0.017,0
Pape Sy,0,7,0.333,0.7,2,0,0.3,1,1,1,0.7,0.3,0.7,0.3,0,1,0.3,2.3,0,3,9.2,-0.047,0
Dominique Jones,0,7.5,0.311,0.8,2.5,0,0.2,0.8,0.9,1.4,0.3,1.1,1.1,0.3,0.2,0.6,0.4,2.3,10,8,10.6,0.007,0
Derrick Caracter,0,5.2,0.485,0.8,1.6,0,0,0.4,0.6,1,0.5,0.6,0.2,0.1,0.2,0.5,1.1,2,29,12,11,0.057,0
Willie Warren,0,7.1,0.371,0.7,1.8,0.3,0.8,0.3,0.4,0.6,0.1,0.6,1.4,0.3,0,0.4,0.8,1.9,5,14,10.8,0.065,0
Avery Bradley,0,5.4,0.343,0.8,2.2,0,0.2,0.2,0.4,0.6,0.1,0.4,0.4,0.3,0,0.5,0.7,1.7,21,10,2.2,-0.139,0
Andy Rautins,0,4.8,0.429,0.6,1.4,0.2,0.8,0.2,0.4,0.2,0,0.2,0.6,0.2,0,1.4,0,1.6,2,3,-1.2,-0.314,0
Luke Babbitt,0,5.7,0.273,0.6,2.3,0.1,0.7,0.1,0.4,1.3,0.3,1,0.3,0.1,0.1,0.3,0.6,1.5,11,13,1,-0.143,0
Dexter Pittman,0,5.5,0.333,0.5,1.5,0,0,0,0,1.5,0.5,1,0,0,0,1,1,1,2,0,-6.4,-0.246,0
Cole Aldrich,0,7.8,0.533,0.4,0.8,0,0,0.1,0.2,1.9,0.7,1.2,0.2,0.3,0.4,0.4,1.7,1,11,7,7,0.066,0
Hamady N'Diaye,0,4.9,0.8,0.3,0.3,0,0,0.4,0.8,0.4,0.1,0.3,0,0.1,0.3,0.2,1.1,0.9,3,13,5.3,0.046,0
Solomon Alabi,0,4.9,0.2,0.3,1.3,0,0,0,0.2,1.2,0.6,0.6,0.2,0.2,0.2,0.3,0.4,0.5,1,11,2,-0.142,0
Brandon Knight,60,32.2,0.415,4.8,11.7,1.6,4.2,1.6,2.1,3.2,0.5,2.7,3.8,0.7,0.2,2.6,2.3,12.8,25,41,11.7,0.029,0
MarShon Brooks,47,29.4,0.428,4.9,11.4,0.8,2.7,2,2.6,3.6,1.3,2.3,2.3,0.9,0.3,2.1,2.1,12.6,18,38,12.9,0.022,0
Kemba Walker,25,27.2,0.366,4.3,11.6,1,3.4,2.5,3.2,3.5,0.5,3.1,4.4,0.9,0.3,1.8,1.2,12.1,7,59,14.9,0.009,0
Kenneth Faried,39,22.5,0.586,3.9,6.7,0,0,2.4,3.6,7.7,3.1,4.6,0.8,0.7,1,1.2,2.5,10.2,27,19,21.9,0.212,0
Iman Shumpert,35,28.9,0.401,3.6,9.1,0.8,2.7,1.5,1.8,3.2,0.7,2.4,2.8,1.7,0.1,1.9,2.9,9.5,34,25,10.8,0.068,0
Chandler Parsons,57,28.6,0.452,3.9,8.7,1,2.8,0.7,1.2,4.8,1.4,3.3,2.1,1.2,0.5,1.3,2.3,9.5,33,30,13.3,0.09,0
Derrick Williams,15,21.5,0.412,3.1,7.5,0.6,2.1,2.1,3,4.7,1.2,3.5,0.6,0.5,0.5,1.2,1.4,8.8,26,40,12.9,0.059,0
Tristan Thompson,25,23.7,0.439,3.2,7.4,0,0,1.8,3.2,6.5,3.1,3.4,0.5,0.5,1,1.4,2.2,8.2,18,42,13.3,0.038,0
Jimmer Fredette,7,18.6,0.386,2.8,7.3,1.3,3.5,0.7,0.8,1.2,0.3,0.9,1.8,0.5,0,1.1,1.2,7.6,20,41,10.8,0.012,0
Markieff Morris,7,19.5,0.399,2.8,6.9,0.7,2,1.2,1.7,4.4,1.1,3.3,1,0.7,0.7,1.1,2.8,7.4,31,32,12.1,0.059,0
Alec Burks,0,15.9,0.429,2.6,6.1,0.3,0.8,1.8,2.4,2.2,1,1.3,0.9,0.5,0.1,0.9,1.4,7.2,33,26,14,0.076,0
Norris Cole,2,19.4,0.393,2.7,6.9,0.3,1.2,1,1.3,1.4,0.3,1.1,2,0.7,0,1.6,1.9,6.8,46,19,7.9,0,0
Charles Jenkins,28,17.5,0.447,2.5,5.7,0.1,0.4,0.7,0.8,1.3,0.2,1.2,3.3,0.6,0.1,1.2,1.7,5.8,15,36,12.4,0.028,0
Nikola Vu?evi?,15,15.9,0.45,2.6,5.7,0.1,0.2,0.4,0.7,4.8,1.7,3.1,0.6,0.4,0.7,0.6,2.2,5.5,26,25,14.3,0.109,0
Bismack Biyombo,41,23.1,0.464,2,4.4,0,0,1.1,2.3,5.8,1.8,4,0.4,0.3,1.8,1.1,2.3,5.2,7,56,10.6,0.019,0
Tobias Harris,9,11.4,0.467,1.9,4,0.1,0.5,1,1.3,2.4,0.7,1.7,0.5,0.3,0.2,0.7,1.1,5,21,21,14.2,0.087,0
Jeremy Tyler,23,13.5,0.421,2.1,5,0,0,0.7,1.2,3.3,1.3,2,0.4,0.4,0.5,0.9,2,4.9,14,28,10.4,-0.014,0
Jon Leuer,12,12.1,0.508,2.1,4.2,0.1,0.2,0.5,0.6,2.6,1,1.6,0.5,0.3,0.4,0.4,1.5,4.7,22,24,15.3,0.122,0
Jan Veselý,20,18.9,0.537,2.1,3.8,0,0,0.6,1.1,4.4,1.8,2.6,0.8,0.7,0.6,1.1,2.7,4.7,19,38,11.5,0.076,0
Chris Singleton,51,21.7,0.372,1.8,4.7,0.7,1.9,0.5,0.7,3.5,0.7,2.9,0.7,1.1,0.5,0.6,2.7,4.6,20,46,8.3,0.052,0
Enes Kanter,0,13.2,0.496,1.8,3.6,0,0,1.1,1.6,4.2,1.6,2.6,0.1,0.3,0.3,0.8,1.3,4.6,36,30,14.5,0.095,0
Jordan Williams,5,14.8,0.507,1.8,3.5,0,0,1,1.5,3.6,1.5,2.1,0.3,0.5,0.3,0.5,1.4,4.6,10,33,14.5,0.101,0
Jordan Hamilton,2,9.9,0.432,1.8,4.3,0.7,1.8,0.1,0.2,2.4,0.4,2,0.8,0.2,0.1,0.6,0.6,4.4,14,12,13.9,0.055,0
Josh Harrellson,4,14.6,0.423,1.7,4,0.5,1.6,0.4,0.7,3.9,1.3,2.6,0.3,0.6,0.5,0.5,1.3,4.4,18,19,13.7,0.127,0
Andrew Goudelock,0,10.5,0.391,1.7,4.4,0.7,1.9,0.3,0.3,0.8,0.1,0.7,0.5,0.1,0,0.5,0.8,4.4,24,16,8.4,0.011,0
Lavoy Allen,15,15.2,0.473,1.9,4.1,0,0,0.3,0.3,4.2,1.1,3,0.8,0.3,0.4,0.5,1.8,4.1,22,19,12.7,0.124,0
Nolan Smith,4,12.3,0.372,1.5,4.1,0.3,1,0.5,0.6,1.3,0.4,0.9,1.4,0.4,0.1,1,1.3,3.8,17,27,7.8,-0.029,0
Shelvin Mack,0,12.2,0.4,1.4,3.4,0.2,0.7,0.7,0.9,1.4,0.2,1.3,2,0.4,0,0.8,0.8,3.6,20,44,11.9,0.042,0
Malcolm Lee,0,12.8,0.39,1.2,3.1,0.1,0.5,0.7,0.9,1.4,0.5,0.9,1.6,0.4,0.2,0.9,1.2,3.3,3,16,9.3,0.024,0
JaJuan Johnson,0,8.3,0.446,1.5,3.4,0,0,0.2,0.3,1.6,0.6,1.1,0.2,0.1,0.4,0.4,0.7,3.2,21,15,11.4,0.032,0
Reggie Jackson,0,11.1,0.321,1.1,3.5,0.3,1.4,0.6,0.6,1.2,0.3,0.9,1.6,0.6,0,0.8,0.7,3.1,34,11,9.2,0.011,0
E'Twaun Moore,0,8.7,0.381,1.1,3,0.4,1.2,0.2,0.2,0.9,0.1,0.8,0.9,0.3,0.1,0.6,0.9,2.9,24,14,8.8,0.031,0
Darius Morris,0,8.9,0.429,0.9,2.2,0.2,0.5,0.3,0.5,0.8,0.1,0.7,1.1,0.1,0,1,0.8,2.4,7,12,5.2,-0.045,0
Trey Thompkins,0,5,0.393,1,2.5,0.2,0.5,0.2,0.3,1,0.2,0.8,0.1,0.1,0.1,0.3,0.4,2.4,16,8,12,0.004,0
Marcus Morris,0,7.4,0.296,0.9,3.2,0.1,1,0.4,0.5,0.9,0.3,0.6,0.2,0.1,0.1,0.2,0.7,2.4,8,9,3.8,-0.083,0
Josh Selby,0,8.5,0.347,0.9,2.6,0.1,0.5,0.4,0.5,0.5,0.1,0.5,1.1,0.3,0,1,0.6,2.3,18,10,3.3,-0.105,0
Vernon Macklin,0,5.9,0.543,0.8,1.5,0,0,0.3,0.6,1.5,0.6,0.9,0.2,0.2,0.2,0.1,0.4,2,5,18,18.2,0.161,0
Cory Joseph,1,9.2,0.314,0.8,2.4,0.1,0.5,0.4,0.6,0.9,0.2,0.7,1.2,0.2,0.1,0.4,0.6,2,21,8,6.9,0.001,0
Justin Harper,0,6,0.29,0.6,2.2,0.1,0.9,0,0.1,0.9,0.2,0.6,0.1,0.1,0.2,0.4,0.4,1.4,7,7,1.7,-0.145,0
Travis Leslie,0,4.6,0.357,0.5,1.4,0,0,0.4,0.9,0.9,0.6,0.3,0.5,0.2,0.2,0.2,0.4,1.4,5,5,14.6,0.06,0
Tyler Honeycutt,0,5.9,0.333,0.5,1.6,0.1,0.2,0.2,0.3,0.9,0.2,0.7,0.5,0.3,0.2,0.1,0.2,1.3,5,10,10.4,0.013,0
Dion Waiters,48,28.8,0.412,5.5,13.4,1,3.3,2.6,3.5,2.4,0.4,2.1,3,1,0.3,2,1.9,14.7,20,41,13.7,0.025,0
Bradley Beal,46,31.2,0.41,5,12.3,1.6,4.2,2.2,2.8,3.8,0.8,3,2.4,0.9,0.5,1.6,2,13.9,21,35,13.6,0.082,0
Harrison Barnes,81,25.4,0.439,3.4,7.8,0.6,1.8,1.8,2.3,4.1,0.7,3.5,1.2,0.6,0.2,1.2,1.7,9.2,46,35,11,0.065,0
Michael Kidd-Gilchrist,77,26,0.458,3.6,7.9,0,0.1,1.8,2.4,5.8,1.7,4.2,1.5,0.7,0.9,1.3,2.1,9,20,58,14,0.051,0
Kyle Singler,74,28,0.428,3.4,7.8,0.9,2.4,1.2,1.5,4,1.3,2.7,0.9,0.7,0.5,1.2,2.6,8.8,29,53,10,0.048,0
Maurice Harkless,59,26,0.461,3.4,7.4,0.4,1.5,1,1.7,4.4,1.6,2.8,0.7,1.2,0.8,0.9,1.9,8.2,18,58,12.5,0.059,0
Tyler Zeller,55,26.3,0.438,3.2,7.3,0,0.1,1.6,2,5.7,2.1,3.6,1.2,0.5,0.9,1.2,3.3,7.9,24,53,11,0.048,0
Andrew Nicholson,28,16.7,0.527,3.4,6.5,0,0,1,1.3,3.4,0.9,2.5,0.6,0.3,0.4,1.1,1.8,7.8,18,57,15.1,0.065,0
Terrence Ross,2,17,0.407,2.5,6.3,0.9,2.7,0.4,0.6,2,0.5,1.5,0.7,0.6,0.2,0.7,1.7,6.4,29,44,10.4,0.034,0
Austin Rivers,26,23.2,0.372,2.4,6.4,0.5,1.4,1,1.8,1.8,0.3,1.5,2.1,0.4,0.1,1.2,2,6.2,21,40,5.9,-0.038,0
John Jenkins,2,14.9,0.446,2.1,4.8,0.9,2.3,1,1.1,1.5,0.3,1.3,0.9,0.2,0.2,0.7,0.6,6.1,30,31,13,0.091,0
Jeffery Taylor,29,19.6,0.431,2.2,5.2,0.7,2,1,1.3,1.9,0.7,1.3,0.8,0.6,0.2,0.6,1.8,6.1,18,59,10.3,0.039,0
Khris Middleton,0,17.7,0.44,2.3,5.2,0.5,1.7,1,1.2,1.9,0.1,1.7,1,0.6,0.1,0.4,2,6.1,9,18,11.4,0.089,0
John Henson,9,13.1,0.482,2.6,5.3,0,0,0.9,1.7,4.7,1.8,2.9,0.5,0.3,0.7,0.7,1.3,6,27,36,18.2,0.109,0
Jared Sullinger,5,19.8,0.493,2.5,5,0,0.1,1,1.4,5.9,2,3.8,0.8,0.5,0.5,0.6,3.4,6,22,23,13.5,0.146,0
Terrence Jones,0,14.5,0.457,2.3,4.9,0.3,1,0.7,0.9,3.4,1.5,1.9,0.8,0.6,1,0.7,1.1,5.5,9,10,17.1,0.128,0
Meyers Leonard,9,17.5,0.545,2.2,4,0,0.1,1,1.3,3.7,1.2,2.5,0.5,0.2,0.6,0.7,2.4,5.5,28,41,12.1,0.097,0
Evan Fournier,4,11.3,0.493,2,4,0.6,1.4,0.8,1,0.9,0.2,0.8,1.2,0.5,0,0.8,1.7,5.3,25,13,13.8,0.115,0
Jae Crowder,16,17.3,0.384,1.8,4.7,0.8,2.5,0.6,0.9,2.4,0.4,1.9,1.2,0.8,0.2,0.6,1.6,5,41,37,10.2,0.055,0
Thomas Robinson,0,15.1,0.43,2,4.6,0,0,0.8,1.6,4.5,1.7,2.8,0.7,0.6,0.4,1.3,1.8,4.8,30,40,10.9,-0.002,0
Mike Scott,1,9.4,0.476,1.8,3.7,0,0,1.1,1.4,2.8,1,1.8,0.3,0.1,0.1,0.5,0.8,4.6,19,21,16.3,0.11,0
Kyle O'Quinn,5,11.2,0.513,1.8,3.5,0,0,0.5,0.8,3.7,1.1,2.5,0.9,0.2,0.5,0.6,1.9,4.1,11,46,15.8,0.107,0
Will Barton,5,12.2,0.382,1.6,4.2,0.1,0.9,0.7,0.9,2,0.5,1.5,0.8,0.5,0.1,0.8,0.8,4,27,46,9.1,-0.028,0
Quincy Acy,0,11.8,0.56,1.4,2.6,0,0.1,1.1,1.3,2.7,1,1.6,0.4,0.4,0.5,0.6,1.8,4,13,16,15.9,0.157,0
Orlando Johnson,0,12.1,0.4,1.4,3.5,0.7,1.8,0.5,0.6,2.2,0.4,1.8,0.9,0.2,0.2,0.6,1,4,31,20,11.4,0.115,0
Arnett Moultrie,0,11.6,0.582,1.7,2.9,0,0,0.4,0.6,3.1,1.6,1.5,0.2,0.4,0.2,0.4,0.9,3.7,20,27,16.7,0.149,0
Doron Lamb,0,12.3,0.368,1.3,3.5,0.3,0.8,0.4,0.7,1,0.2,0.8,0.7,0.3,0,0.6,1.1,3.3,16,31,4.8,-0.032,0
Jeremy Lamb,0,6.4,0.353,1,3,0.4,1.3,0.6,0.6,0.8,0.2,0.6,0.2,0.1,0.1,0.3,0.6,3.1,20,3,11.2,0.058,0
Kendall Marshall,3,14.6,0.371,1.2,3.1,0.5,1.5,0.2,0.3,0.9,0.1,0.8,3,0.5,0.1,1.2,1,3,12,36,7.8,-0.012,0
Alex English,0,10,0.375,1,2.7,0.3,1.2,0.5,0.7,0.9,0.2,0.7,0.6,0.4,0.1,0.5,1.1,2.9,13,28,7.9,0.021,0
Bernard James,11,9.7,0.515,1.1,2.2,0,0,0.5,0.9,2.8,1.1,1.7,0.1,0.3,0.8,0.4,1.4,2.8,24,23,14.7,0.125,0
Tony Wroten,0,7.7,0.384,0.9,2.5,0.1,0.5,0.6,0.8,0.8,0.4,0.4,1.2,0.2,0.1,0.8,1,2.6,28,7,9.3,0.017,0
Festus Ezeli,41,14.4,0.438,0.9,2.2,0,0,0.6,1,4,1.8,2.2,0.3,0.3,0.9,0.8,2,2.4,44,34,9.3,0.066,0
Perry Jones,1,7.4,0.394,1,2.6,0,0.1,0.3,0.4,1.6,0.3,1.3,0.3,0.1,0.2,0.4,0.6,2.3,30,8,7.8,-0.003,0
Darius Miller,2,13.3,0.407,0.8,2.1,0.4,1.1,0.2,0.2,1.5,0.2,1.3,0.8,0.3,0.2,0.4,1.7,2.3,14,38,6.3,0.034,0
Tyshawn Taylor,0,5.6,0.368,0.8,2.2,0.2,0.3,0.4,0.7,0.5,0.1,0.4,0.5,0.3,0,0.6,0.6,2.2,23,16,6.2,-0.077,0
Marquis Teague,0,8.2,0.381,0.9,2.4,0.1,0.5,0.2,0.3,0.9,0.1,0.9,1.3,0.2,0.1,0.7,1,2.1,24,24,9.6,-0.031,0
Jared Cunningham,0,3.3,0.429,0.8,1.8,0.3,0.4,0.3,0.3,0.4,0.1,0.3,0.1,0.1,0,0.3,0.4,2,4,4,14.8,0.033,0
Tornike Shengelia,0,4.9,0.435,0.5,1.2,0.1,0.1,0.5,0.8,1.2,0.5,0.7,0.2,0.2,0.1,0.6,0.6,1.6,11,8,8.5,-0.017,0
Robert Sacre,3,6.3,0.375,0.6,1.5,0,0,0.2,0.3,1.1,0.3,0.8,0.2,0,0.3,0.3,1.2,1.3,19,13,3.4,-0.024,0
Quincy Miller,0,3.7,0.333,0.6,1.7,0,0.1,0.1,0.3,0.3,0.1,0.1,0.4,0.1,0,0.1,0.4,1.3,6,1,5.9,-0.051,0
Fab Melo,0,5.5,0.5,0.5,1,0,0,0.2,0.7,0.5,0,0.5,0,0.3,0.3,0.2,1.2,1.2,3,3,4.9,0.021,0
Miles Plumlee,0,3.9,0.238,0.4,1.5,0,0,0.2,0.3,1.6,0.9,0.7,0.1,0,0.2,0.2,0.4,0.9,9,5,8.8,-0.015,0
Kris Joseph,0,5.4,0.143,0.2,1.4,0,0.3,0.5,0.8,0.7,0.1,0.6,0.1,0.3,0,0.2,0.3,0.9,7,3,0.6,-0.127,0
Kevin Murphy,0,3,0.25,0.4,1.6,0.1,0.3,0,0,0.2,0,0.2,0.1,0.1,0,0.2,0.2,0.9,11,6,-4.5,-0.272,0
Jarvis Varnado,0,4.5,0.429,0.2,0.5,0,0,0.2,0.3,0.7,0.2,0.5,0.2,0.1,0.2,0.5,0.8,0.6,10,3,1.2,-0.059,0
